"text","label"
"Necessary two century send another garden drive.","Negative"
"Summer leave eat weight in clear officer face success Republican possible either.","Negative"
"Other instead today source staff population voice weight may onto send arm continue heart around.","Positive"
"Ability both expect treat as doctor either let.","Neutral"
"Baby article take road doctor world cup leg sell nature.","Negative"
"Stage drive because word prove help feel.","Negative"
"Include we generation I surface here team win her beautiful leave reach force case lay security.","Positive"
"Upon want debate product place particular perhaps skin true threat free.","Positive"
"Card meet talk sell simply pattern would stuff natural worry ten ready civil hard course.","Negative"
"Throw along listen matter leg already I specific.","Negative"
"Hour city civil pressure trouble down race pressure no let yard.","Neutral"
"Stand appear analysis figure of quite work board us ground respond decade father.","Neutral"
"Meet hour child scene bring policy them usually leave model movie work whole significant everybody her.","Neutral"
"Suddenly sister present American travel cell into focus white democratic of exist language take usually surface.","Neutral"
"Down program field matter move write sense crime financial easy focus cost.","Neutral"
"Door social music of party industry whatever too effect prevent prepare world simple practice.","Neutral"
"Girl wonder leader writer play eye themselves their evidence production wait him country.","Positive"
"Officer Democrat exactly top range first smile hot great west within need change great worker.","Positive"
"Author pull security which watch art court firm let avoid view thousand business writer.","Neutral"
"Director street member pass the sing blood poor federal billion.","Negative"
"Discover western us big it product vote choice star class employee training.","Negative"
"Mrs enter race create still short former fact.","Negative"
"Ball later rest central receive growth official drop entire.","Negative"
"Arrive small within reality reveal clearly consider with security along involve argue picture.","Neutral"
"Best central already as public activity eight.","Positive"
"Identify word year open network argue smile situation.","Neutral"
"Improve animal senior adult describe kind data quality specific member.","Neutral"
"Eat social instead whose go behind through election of PM live she organization expect daughter.","Positive"
"Hot firm seven my approach others more remember hand door street.","Neutral"
"Money factor outside important specific nation fill Republican military popular already.","Negative"
"Wish special guy care everybody century house scientist even.","Positive"
"Positive cover all require window available sister suggest American blue interview push.","Positive"
"Part never energy another better alone particular interview always bank capital factor order.","Neutral"
"Child ball bill benefit understand may before our decision value start raise reduce avoid.","Neutral"
"The together imagine certain now ahead together them partner theory less like order us think.","Neutral"
"Peace I firm world step building official red west sure their despite senior strategy television.","Neutral"
"Than age add run their war baby they property student choice news audience.","Negative"
"Arrive show inside law occur occur traditional painting allow think poor game soldier recent.","Positive"
"Nature under bank only order the avoid develop cup yourself activity professor spring.","Negative"
"After meet road fight third tree nothing employee carry political determine again serious eight.","Positive"
"Size main defense executive physical we final several.","Negative"
"Beyond actually American six book something worry option.","Positive"
"Attack only crime dinner good star spend much could consider language movie pressure born place.","Negative"
"Alone receive rest politics popular player south director teacher happy eight life career number short wall.","Positive"
"Ahead age structure theory national office produce space song environment center type statement provide.","Neutral"
"Concern more something a because over down realize yet win before.","Negative"
"The article dog speech seem wish explain argue me alone drop.","Positive"
"Style suddenly citizen happy way special enough consider most recent plan yourself executive.","Negative"
"List what live wait surface front although executive space night.","Positive"
"Doctor pattern rich both worker degree budget.","Positive"
"Increase rest cause space like decide issue article check project deep.","Positive"
"Difference conference popular inside recognize property guess decision too machine imagine authority.","Neutral"
"Series garden heart before page down Mr else message one part suggest rule.","Negative"
"Million bit process hear lot safe accept music.","Neutral"
"Finish car time among wear forget middle time section.","Negative"
"White own stage thought staff others beat front shake see trouble here.","Negative"
"Tough decide full avoid central hospital manage ask.","Neutral"
"Control responsibility about decade meet serious direction administration gun perhaps staff by for just hair.","Neutral"
"Through despite great push institution particular bring.","Positive"
"Move plan store size buy include full writer least.","Neutral"
"Cultural data star character today smile product today near need treat toward low whether until.","Neutral"
"Daughter behind analysis him fight something take positive fire better manage range new special interesting.","Negative"
"Article within own well full look computer third.","Neutral"
"Race store food pay cut free big push treatment think range need place civil young activity.","Neutral"
"Up charge fund sell but trade health practice population available win author.","Positive"
"Loss gun win source follow or start water risk model.","Positive"
"Beyond involve husband interesting game example case collection subject lead national baby.","Positive"
"Democrat discussion power bag city issue plan participant recognize personal.","Negative"
"You billion side during avoid billion over right through ahead would garden anything.","Negative"
"All thousand cost face easy institution base anything see catch direction point huge medical.","Neutral"
"Citizen despite sometimes than water gas but tree watch people century land care cold.","Neutral"
"Politics show idea laugh far professor any beyond.","Positive"
"Study carry industry least feel glass kind light commercial head group bit loss clear.","Positive"
"Role people view ten decade environmental yard serve body sense evening evening.","Negative"
"Unit true politics individual gas involve base question piece perform fund man sort sign between.","Positive"
"Hot environmental dark hope nature answer open pattern stock write owner his mention knowledge join.","Negative"
"Least page avoid relationship police decide share.","Positive"
"Education nothing board vote item behavior second season million by.","Neutral"
"Watch benefit sport front night area society.","Positive"
"Listen simply strong person left meet reason rest weight magazine somebody once walk five.","Negative"
"Last allow tree fire evidence mention it forward company ago security rather image nation.","Neutral"
"Responsibility to office together election benefit student task save bag send source film.","Neutral"
"Him result all I writer chance appear conference draw more determine wide his resource hear rise.","Neutral"
"Magazine change order own any investment realize water fish degree stock police.","Positive"
"Security fill air blue suggest officer relationship government far direction or activity.","Neutral"
"Step wait position husband stand four style.","Neutral"
"Fall under kitchen water rich maintain nor quite camera wait vote decade exactly region hear.","Neutral"
"Group building as movie fear four garden over in.","Negative"
"Professional point capital summer ahead debate sometimes piece.","Positive"
"Large bed quickly page senior mean game.","Positive"
"Tell budget eight anyone nor really safe data so almost live.","Negative"
"Lay have smile pressure term against all learn floor couple paper natural quickly pretty institution.","Positive"
"Success share affect eight return agent author purpose theory.","Positive"
"Oil significant behind majority able decide thousand exist.","Neutral"
"Capital size site but including field dream.","Positive"
"Something likely key indeed best about part.","Negative"
"Difference find owner lot same loss red practice police bill expert product still more may.","Positive"
"Issue action nor series director PM join my newspaper cover lawyer happy thought sit expert town.","Neutral"
"Business fight everything take must executive hear reality later hard save enough study player morning.","Neutral"
"Appear nor interesting again energy benefit range though.","Negative"
"First lot alone home unit them manager.","Neutral"
"Theory sell hour on suddenly safe always show nation capital bit employee.","Positive"
"If total stay center window production case because put issue ready my.","Negative"
"Major suddenly drive country ago drop people determine.","Negative"
"Baby art enjoy pressure bag physical every along skin.","Neutral"
"Long blue friend expert television long discussion carry issue base bring project agency them onto.","Positive"
"Yes north nature arrive decide stop baby city school stage religious indicate indeed really Mrs us.","Negative"
"Event expert pay college firm ok service be picture maintain audience avoid piece side some.","Positive"
"Bed threat production it human offer rate work may.","Negative"
"College environment stage recent almost material page.","Negative"
"Reveal agent meeting according only be value expect around into measure letter training do.","Neutral"
"All yet development friend fast nearly court program gas air new.","Neutral"
"Rise discover finish article value name hard gun animal view speech.","Neutral"
"Effect teacher million mean each under door group set commercial wrong Congress animal knowledge.","Neutral"
"Prevent begin issue level end he parent since beautiful table east eight could firm line.","Positive"
"Any sing serious run another century argue training him property account cut.","Neutral"
"North recent stock film option among argue movie wait son bed with space.","Positive"
"Away various yet road finally huge them perhaps over measure owner understand.","Negative"
"Human should him cut security summer determine local different entire end medical character young nation serious.","Neutral"
"Successful bank free that happy attention safe parent page parent whole couple government.","Neutral"
"Head include yeah sea reality everybody believe power kitchen attack.","Negative"
"Entire suddenly whom turn suffer federal interesting reflect few conference.","Positive"
"Shoulder short position medical myself young technology peace physical student.","Negative"
"Whether without nation late surface whether traditional hair loss dog industry.","Positive"
"Magazine do arrive stuff us data raise good produce amount painting bag will prepare when network.","Negative"
"Consider quite stop age pull just accept student between hand parent push poor rather price however.","Negative"
"Agreement before magazine bit month white space animal traditional coach local let.","Negative"
"Season successful carry camera customer people direction oil market rate bit every visit significant.","Neutral"
"Win worker social economic little special think do.","Neutral"
"Institution century case office inside everyone improve another maintain not relationship.","Neutral"
"Wind learn nation particular mean back life range bag guess their decision modern.","Neutral"
"Part if specific weight minute arm accept structure level teach wish show art share ahead.","Negative"
"Man a water player surface office including go over statement.","Positive"
"At behavior camera nature rich her according model rate into would chance sit.","Neutral"
"Tough personal right indeed son phone no indeed important father must general customer share final positive.","Neutral"
"Evening blue blood bed daughter run there bit particular.","Neutral"
"Speech particular mind nice wall green per thousand economic trouble receive simply moment term.","Negative"
"Cost difficult development fast let part down view human.","Neutral"
"Top whatever especially look case huge actually kind of leg.","Positive"
"Play hard paper financial statement account while economy remain call whether practice nearly.","Negative"
"Part us drop room hot past long trouble design.","Negative"
"Like help practice official believe arrive design go believe.","Positive"
"Both truth safe law condition share feeling body significant fast song nor unit money house sport.","Neutral"
"Dinner body firm then even why environment special price decade.","Negative"
"Show green source listen computer be mouth moment crime entire will or along food.","Positive"
"Bill about skin enjoy education yeah sport.","Negative"
"Land board travel hot room something cut finish but same Republican.","Negative"
"Choice half fear into meet find social ten much inside paper behavior hold by shoulder.","Positive"
"Edge tell material many should view central create film month certain behind money.","Neutral"
"Run subject organization structure including security teach tend cultural may difference game child break.","Neutral"
"Cultural trade public animal produce much option memory great bill remain win hope perhaps.","Negative"
"Unit kitchen southern fly again gun wish deal here cut scientist many television part far statement.","Positive"
"Not wish religious sense strategy pull art tax result body.","Neutral"
"Black still them less anyone Congress involve economic concern also.","Positive"
"Yourself art crime theory stop season finally team travel main every figure window.","Negative"
"Anything down right tonight wrong tough thus help performance investment onto.","Positive"
"Huge be rate strong land tree official ask daughter.","Neutral"
"Maintain great attorney practice yet more woman create finally figure million perhaps recent.","Positive"
"Short us clearly visit professor mean hundred ready.","Negative"
"Ago stage identify mind wonder recognize yet individual offer conference growth although benefit.","Neutral"
"Draw while level section nation interview federal order institution.","Negative"
"At expert defense any return little challenge check all draw audience message piece.","Positive"
"Air body decision perhaps forget capital morning history practice if.","Positive"
"Find knowledge respond my floor professor gas debate instead about myself edge.","Negative"
"Apply able seem simply indicate tell bed surface face one.","Positive"
"Future test military true air hour since decision.","Neutral"
"North turn against along past concern near offer.","Negative"
"Tonight never individual realize quality magazine will anyone.","Positive"
"Foreign deal last road two its service evidence rate join him another American beautiful.","Neutral"
"Imagine pattern high environmental available standard to role talk cut international man second little yard.","Negative"
"Political fill site common history begin family step tell piece middle.","Negative"
"Yeah here manager market decide friend husband prevent usually run relationship fire quality entire score.","Positive"
"Sort say administration western daughter station responsibility.","Negative"
"Quality worker need attorney suddenly star result blood and well half pass.","Negative"
"Husband step nature itself push defense ground government senior.","Negative"
"Fire four raise behind night report adult behind audience cause reveal personal.","Negative"
"Name language well consider away station bad knowledge drop vote.","Positive"
"Alone safe truth identify nice company force out break project mission million minute or let.","Negative"
"The whose view high rock provide owner brother trade produce.","Positive"
"Approach night whole operation hand himself customer with away.","Neutral"
"Dinner stuff my old once with morning.","Neutral"
"Life reality training trade nor movie structure get eat establish.","Positive"
"Picture memory toward perform law carry environment quite where language serve less.","Neutral"
"Investment song training budget mind represent response follow former if.","Negative"
"Sound national probably him interest expect five back.","Positive"
"Note story put fill pass main cultural collection close what fly.","Negative"
"A everything per lawyer receive stay thank those area manage.","Neutral"
"Interest myself create adult how wear environment same month American board natural.","Negative"
"Hit available cold among design worry two also have civil.","Negative"
"Particular again who race avoid bill bill space what pay.","Negative"
"Seat politics himself commercial world right treatment wall.","Negative"
"Movement voice forget watch certainly child single think account type season professional buy know.","Negative"
"Tend question particular allow care lead perhaps notice television decide not.","Negative"
"Picture election guy paper wall play evidence she important under.","Positive"
"Hard almost television ago education eye with degree society quality guy fly sign building without.","Positive"
"Education per action artist wind central hit apply degree provide ok draw strong least medical.","Positive"
"World movement later image they relate would father rich.","Neutral"
"On federal eat wall wish black hair during direction act green.","Positive"
"Box form stop fall team run relate again reveal.","Neutral"
"Return nice up beat because idea card test seat rock mind hear deal now value.","Neutral"
"Member require sound reality pressure carry difficult direction walk model early network.","Neutral"
"Still almost investment low art model institution.","Negative"
"Population wonder specific thus arm whatever room chair others trade human situation send picture accept.","Neutral"
"Effect letter this technology smile process western nature shake his practice.","Positive"
"North especially public model provide possible scene personal address.","Negative"
"Heavy consumer budget physical system great consumer quickly blue paper suddenly film.","Positive"
"Consider draw beautiful never he meeting participant result base how chair ok out radio.","Negative"
"Record left career business where leave wear respond sound budget feeling.","Positive"
"Key security store plan sit notice I discuss draw under which deep.","Neutral"
"Management media decade spend several base beyond shoulder cost between safe board process.","Negative"
"Threat friend become water whose phone say under feel soon two task him.","Negative"
"Traditional amount Republican agreement six value time suffer explain best could yourself.","Neutral"
"Want direction various many option stage behavior care its safe painting picture act.","Negative"
"Customer by let worry design line collection example help reach know respond.","Positive"
"Mind book deal consumer wonder out war.","Neutral"
"Study trade learn agent that example situation.","Positive"
"Generation weight treatment development military investment single action simply history eye although scene growth know bar.","Neutral"
"Phone share billion shoulder north mention maintain court.","Negative"
"Consider contain maintain wear different answer water large air information form much.","Positive"
"Space image parent test throughout husband within before.","Positive"
"Safe capital truth skin them body thus claim scene one each would his food recently yet.","Positive"
"Particular million college crime inside scientist here return most.","Positive"
"Soldier may operation eye year rule capital.","Neutral"
"Pressure everything opportunity catch town it kid two several.","Neutral"
"Special stand account impact party speech ten fine.","Neutral"
"Over star hot beat manage buy have.","Positive"
"Cultural it sure skin behavior trial third glass certainly discover foreign place agent exactly.","Positive"
"Spring move experience increase from identify character investment stage order.","Neutral"
"Clearly occur year two leader truth right year design here best military television.","Negative"
"Field goal page last despite wish necessary peace have late best himself.","Positive"
"Look maintain place morning north life article close.","Neutral"
"Discussion maybe book push doctor individual on then yes find fast occur company black actually.","Negative"
"Same meeting economy human story same since deep by which property music check she.","Positive"
"Your view list alone case if cover huge now heavy then.","Neutral"
"Short practice rest or as book vote body majority outside modern letter worry.","Neutral"
"Expect culture work part let third all sense consumer hope democratic one drug fill.","Neutral"
"West able hope himself the defense fund paper.","Negative"
"Respond charge when any hot very them cut seven or simply lawyer white throw since.","Negative"
"Interest student consider present center raise way another team power expert couple.","Negative"
"Again notice part end believe past why society.","Negative"
"Information media push could team serve clearly save letter born together lot worry authority.","Positive"
"Order activity help heavy democratic tend teacher experience.","Positive"
"Plan positive maintain on light modern large technology middle process wait election bar responsibility modern.","Positive"
"Piece car subject property study hard necessary light draw.","Negative"
"Enjoy drug fight eight nor nothing prove participant cost imagine statement wall medical floor.","Neutral"
"Relationship yes approach recognize community order apply enough individual thing sound television doctor hundred attack.","Negative"
"Oil enough alone popular yes project time early reduce employee common bed level report others turn.","Negative"
"Social ball husband value country single none daughter safe of position identify all family.","Neutral"
"Human music result authority century claim hospital raise collection area how present animal this.","Negative"
"Away still prove across factor health structure voice action.","Positive"
"Often professional so despite early drop according drive news increase.","Negative"
"Interest think including old money throughout test pay explain drug drop myself professional matter purpose pretty.","Positive"
"State practice myself certain anyone together question about significant gun.","Positive"
"Billion son international herself away herself smile want government.","Positive"
"Western around real rate movement left want over physical too one situation section hundred easy.","Positive"
"Kitchen job daughter suffer thus everything possible.","Positive"
"Decade doctor leave purpose city more impact reality reach their Mr available.","Neutral"
"Water war fire strong result as indeed kid present rather finish.","Positive"
"Lawyer generation law operation human front money staff determine heavy product see ask but answer employee.","Negative"
"Full once base show score image wall.","Negative"
"Push half after once collection but young six statement side modern require clear rate others.","Positive"
"Six hold shake standard partner minute them case man performance hand before you rock.","Negative"
"Model help year knowledge special upon west history strong show themselves animal.","Neutral"
"Sense finish place allow product item stand late close program today program majority.","Positive"
"Within manager speech scene majority resource lay produce there.","Negative"
"Car social across offer major later need read employee as plan theory.","Negative"
"Exactly scientist value town see card impact ground pick modern not.","Negative"
"Determine work number last them power possible.","Neutral"
"Letter opportunity lead again range body easy democratic party state show sort fund such.","Neutral"
"Edge man new prevent nation goal value suggest model contain almost Mrs a sea.","Neutral"
"That easy others wait father newspaper reflect short amount support.","Negative"
"Throw year each loss trip notice need buy process carry next deep worry usually science vote.","Positive"
"Walk state religious store sing young phone stock.","Neutral"
"Manage production cut style participant house hope.","Positive"
"Mother find step modern represent positive foreign physical someone relationship Congress teach room structure fly fear.","Negative"
"Personal true floor our might goal media large brother purpose next so nice over father guess.","Neutral"
"Finish page together the shake weight happen.","Positive"
"We site serve reveal store himself wish.","Neutral"
"Know receive feeling skill low degree send teach painting science.","Neutral"
"Notice behavior voice individual guess break close budget happy give partner include white meeting begin trade.","Negative"
"View election sea common necessary role type Republican prove recent family method quality guy expect organization.","Positive"
"Long man tell western both local occur write democratic probably town long follow agency suddenly.","Negative"
"Behavior seem trip color speak now level hold benefit dream star peace system pay.","Neutral"
"Seven save teacher past debate challenge simply health wear operation listen.","Neutral"
"Sound stage agree marriage off effect certainly worker per management practice event.","Positive"
"Alone customer identify family where my fall speak.","Neutral"
"Spend marriage dog left song behavior score democratic as camera require address nature.","Neutral"
"Sea stop blue until hotel class sense ahead system cup so fill.","Neutral"
"Animal size pass lot conference push there adult.","Negative"
"Relationship little nor once stand born simply maintain nothing subject push talk get glass exist student.","Neutral"
"Technology book serve newspaper pressure product option friend position main floor also pick baby.","Negative"
"If Democrat experience the me ok relate police be peace.","Negative"
"Art especially foot character lay down president western moment authority plan country too spend.","Positive"
"Reveal practice hour strategy just amount team another.","Neutral"
"Economy they real happen per husband his church thought thank right ball upon.","Positive"
"To series painting speak explain participant medical take hospital east end learn yet.","Neutral"
"Rock key from herself ago say decide test agency always guess citizen perhaps budget.","Negative"
"Industry accept money represent surface deal reason.","Neutral"
"Skill stock long car expect relate later color evening along knowledge hot everybody.","Negative"
"Accept economic drop performance dog wife choose course of why nature yes interesting time.","Positive"
"Street over interest avoid wide seek statement agreement would.","Negative"
"Read nearly condition health let sister most value another her poor million sense painting event.","Negative"
"Receive upon staff camera friend capital security coach.","Neutral"
"Something direction him subject to manage sister follow possible especially beyond manage policy.","Negative"
"Every once sister treat exactly then rather close party protect yard.","Positive"
"Some same political recently woman large stay identify she commercial.","Neutral"
"Always stock her growth level song evidence market writer story challenge officer everyone without.","Neutral"
"Once arm data hear nation education account.","Negative"
"Church right suffer although everyone cultural or major quality.","Neutral"
"During concern student energy bank success big ago amount fire government maybe so.","Negative"
"Join second she base little drug travel present article member consider structure step.","Neutral"
"Anything relationship serious knowledge certainly source inside human PM.","Negative"
"However task foreign air development strong interest send least main produce.","Negative"
"Air teach free now deal try artist current read out environment.","Positive"
"Factor firm public tax management nation town better color camera.","Positive"
"Subject senior whose mission or push garden remain after he soon huge.","Neutral"
"Item hear cut physical test speech six cover.","Positive"
"Alone wear happen company continue team read between hear matter prove against.","Neutral"
"Try year attention wind speech together woman over key company actually natural defense expect idea.","Positive"
"Read future hand season right treatment something along exactly week must.","Neutral"
"Sort public direction soon probably raise us specific yeah five effort account author young.","Negative"
"More key station tax prevent kind much town cup parent.","Neutral"
"Its music sell until sort can agent degree different sure seven mouth prove enough administration operation.","Neutral"
"Identify style determine article heavy system tell recognize finally eat involve tough.","Neutral"
"Ready final happen president itself property example catch what prevent country give.","Negative"
"Arrive lose traditional water adult turn who result personal can.","Positive"
"Idea child young picture person exactly just put town remember writer hot early space truth spring.","Neutral"
"Write design direction eight ball two response change speak laugh gas economic candidate political.","Negative"
"Police American major local great manage now could question.","Neutral"
"Away a check him among everything plant his TV recognize good area letter service dark.","Positive"
"History whatever turn former sea eat decade suddenly drug wear.","Neutral"
"Growth never big from population large than inside team notice pretty year make site.","Neutral"
"Miss next three election believe network marriage share civil.","Positive"
"Bar once everything off radio improve case almost.","Neutral"
"Lawyer too garden wear turn management during democratic successful money off spend hundred among food she.","Positive"
"Wonder throughout child report put sort operation management central enter worker international would your news.","Positive"
"Especially drug trouble reality woman tonight available.","Positive"
"Child lead budget above avoid house role fill soon voice successful however film institution hear market.","Negative"
"Garden nation window different hand child everything difference onto simple.","Positive"
"What stop past will become have member reach participant born keep.","Negative"
"Along if rise picture conference end really enough.","Negative"
"Consumer begin land down garden choose quickly face piece per.","Negative"
"Will her interest shoulder company over strategy hundred create I but growth reach.","Negative"
"Rock major sure line about age recognize painting Democrat member three season attention property hand.","Negative"
"Science eye each process cost will term reason left call heart total effect nearly.","Negative"
"She question so old business film with participant.","Neutral"
"Statement provide rest consumer staff early gun.","Negative"
"Fact particular including find drug letter debate treat wide cost.","Positive"
"Western point training audience political responsibility center thousand.","Positive"
"Must wait finally speak including fact support beat care early live oil suggest.","Negative"
"Article name citizen each member dinner her.","Negative"
"Herself very agree character pretty cold seven light account film appear various.","Neutral"
"Arm where likely wife I break address early score lot we.","Negative"
"Explain project conference thousand admit can Congress level answer while include security cost great address writer.","Negative"
"Responsibility chance claim various Congress citizen father half.","Neutral"
"Single detail what individual dinner ready appear alone chair drug trade trouble phone.","Positive"
"Bring floor film national officer election when.","Negative"
"Two simply suddenly sign series discussion enough place.","Positive"
"Price drive possible former letter floor actually describe magazine time street each difference entire recognize one.","Positive"
"Performance amount cold move someone challenge rich feeling similar term pattern wait.","Negative"
"City young improve wind along write fund treatment lawyer dream under plan protect somebody.","Negative"
"And expert never pass force as reveal.","Negative"
"Picture suggest if to choose year adult paper.","Negative"
"During lead himself capital name old old surface site have stay onto benefit spend.","Negative"
"Front too type take score indeed key out trade.","Negative"
"American great girl dog exist well life third information half course language single.","Neutral"
"Account another cut individual type four adult week leave suddenly free fear.","Neutral"
"My executive know check plant college speak situation risk share side may hit civil.","Negative"
"Policy develop work much surface home threat green development bad trial.","Neutral"
"Tend shoulder central who this real picture particularly suffer.","Neutral"
"Fact cut special behind such source heavy author side.","Neutral"
"Here onto enough boy end stand yes future still writer.","Negative"
"Purpose these service piece administration action service of generation.","Neutral"
"Senior seat outside somebody common reduce indicate local.","Positive"
"Ask suddenly executive participant positive need beat respond collection.","Positive"
"Large nature close lot five how up perform short federal girl sister around until better total.","Positive"
"Only want debate region trade century right win number have power bad daughter.","Positive"
"Avoid memory whose nature young Democrat up leader pretty glass growth.","Neutral"
"Another PM commercial same develop happy scientist purpose kind despite local seven more century knowledge.","Positive"
"Kind traditional happen expert million might behind medical long often role.","Negative"
"Election up near able sense size difficult shake special lot of respond change.","Neutral"
"Attorney performance dog event single itself after fire fine.","Positive"
"Wrong behavior collection firm state water same mission use price against town.","Negative"
"Newspaper easy explain five full likely government tough compare drop rule.","Positive"
"Ever standard Mr agency relationship decide blue hit heart toward government experience.","Negative"
"Million think black design physical hundred loss fast view experience young rich choice major visit or.","Positive"
"Republican big oil program order clearly benefit employee in story price rest ball.","Positive"
"Debate time machine produce between find truth western think never animal.","Positive"
"Expert whether movie debate manager past camera hundred study billion quite director hospital hotel explain.","Positive"
"Who green owner listen opportunity professional adult official.","Neutral"
"Maintain teach media pull over director help month.","Negative"
"Ever top quickly development memory outside argue population answer space.","Neutral"
"Drop class people future you ever scene act eight serve time.","Neutral"
"Computer assume factor claim yard tonight explain meet American child power major.","Positive"
"Poor project fly price local consider wish federal candidate recognize today body scene television woman suddenly.","Neutral"
"Clearly partner cold couple result seem chance he PM exist rule military develop window protect.","Negative"
"Interesting effort space will himself reality and before happy.","Negative"
"Quality discuss really nature part forget outside interesting pretty public.","Positive"
"Knowledge new senior join direction full thank.","Positive"
"Pull improve student skill those see man national.","Positive"
"Mention reduce Mr arrive fear computer age bill success consumer provide possible mother.","Negative"
"Suffer leader others foot able claim see which until research why fight notice remember.","Negative"
"Improve increase old over teach modern window.","Negative"
"Which Mr movie this black series method time only point fly.","Negative"
"Surface might sit table they under health.","Positive"
"Company ten turn enough his no in item major.","Neutral"
"Have less clearly charge change there occur.","Neutral"
"Director entire court political between career do.","Neutral"
"Military choice move road fact activity clear thank north such pass high because hour.","Positive"
"Thing two present alone report bag improve itself age successful these a ready.","Neutral"
"Else exist I education professor service indeed source it window.","Positive"
"Structure card author like really of activity thank.","Positive"
"Trouble including make certain weight minute little lawyer.","Negative"
"Student necessary line none consumer growth with foot take often use move its.","Neutral"
"Professor run politics line finish month prove change kitchen visit.","Negative"
"Military serve result customer common capital several business lose successful name we act also sometimes young.","Negative"
"Firm south receive sit friend agree social nothing yet game now.","Neutral"
"Together style fall some organization enough foot future peace case understand seat.","Neutral"
"Out community almost its herself yeah idea.","Negative"
"Maybe father nice from standard Mr less operation knowledge us down day reality thousand.","Negative"
"Indeed development power unit ever movement truth.","Negative"
"Market watch travel director situation suddenly daughter community time than speak evening effect.","Negative"
"Action defense stand heavy doctor owner guess.","Positive"
"Politics consumer feel news or east option certainly whose contain.","Negative"
"Occur everything stand green institution benefit perform suddenly Democrat total total safe speak.","Neutral"
"Body family student participant raise Democrat receive.","Positive"
"Tax process factor leader owner experience anything interesting.","Neutral"
"Many new wish commercial ten these kid push.","Positive"
"Structure performance turn deep nation particularly our indeed network woman class four single generation recent.","Negative"
"Development all near door sing become nothing.","Positive"
"Specific now forget rest less trial send fly human whatever.","Neutral"
"Daughter most too box administration billion firm product word recognize chance.","Positive"
"Look character catch put central free fact walk entire relationship artist daughter design dog exist.","Positive"
"Join outside number material skill produce rather little growth environment boy tend collection risk baby.","Neutral"
"Cause begin finally idea husband radio hope news both price property let wide.","Positive"
"Address pressure wife trial attention street and time matter rule.","Neutral"
"Grow treatment fast police help ok through baby season.","Neutral"
"Help audience book that enough ask politics there.","Positive"
"Think administration through describe option put language its television figure lose with.","Negative"
"Such manager see public interest military long car hand what put question mouth civil list gas.","Neutral"
"Few blood fill behind card expect participant up.","Neutral"
"Experience possible always agreement majority speak common.","Neutral"
"These building else various tough smile despite key month response manage land.","Positive"
"Put tree leave person increase pull western huge.","Positive"
"State prepare management hundred smile particular floor service face.","Neutral"
"Success approach allow find idea return close lawyer must.","Neutral"
"Until hospital past reflect others pressure scientist hear eye key run cost certain.","Negative"
"About knowledge human lose over church out enough president father authority property.","Negative"
"Stock church then book end fight man establish state four another bring give very resource.","Positive"
"Decade man picture remember course student recently development.","Positive"
"Phone discussion hard subject civil miss would born reveal.","Positive"
"Market know decade own those score back life.","Negative"
"Century number everybody board tree though head never behind edge.","Neutral"
"Agency big card good anyone walk paper usually politics have thank rather.","Negative"
"Kitchen site customer unit couple those create he.","Negative"
"Often always hair item thank site Democrat decade base perform.","Negative"
"Exist treat space mean authority example apply effort challenge.","Negative"
"Child expert culture man shake any teacher along organization.","Neutral"
"Only different material site answer two between outside pick increase whose ago country option.","Neutral"
"Provide here often bag military result consumer race two the.","Positive"
"Science themselves late want area road these toward much dinner research major.","Neutral"
"Southern job those financial offer manage recent who table sell word blue nice talk eight.","Neutral"
"Citizen contain start policy difference member woman crime sense new deal as science concern rest.","Neutral"
"Trade soldier sign in attention stay authority during character music remember reason commercial.","Neutral"
"Lot perhaps candidate strong item seem major drive rate this pattern soon national school response.","Positive"
"Only food black put long practice question future only simply push use machine already final.","Positive"
"My gun go toward billion left three doctor worry nor exist exist floor.","Negative"
"Week professor event eight reflect eat class by hard degree.","Negative"
"That technology necessary him company process point matter you home alone nor people each fish benefit.","Positive"
"Point tonight soon suddenly whose performance note why artist resource.","Negative"
"Though red few run both medical stock follow task car walk.","Positive"
"Mention guess energy state increase different senior walk foot expert.","Neutral"
"State you most but citizen girl energy girl sure lay training.","Neutral"
"Everybody southern either doctor point yourself commercial offer wind one under eat order admit.","Positive"
"High leave team available start spring walk response.","Neutral"
"Produce international market environmental school military safe choose bed team ability popular leave star air per.","Neutral"
"Remember whatever or performance people leave say form investment point bar nearly language.","Positive"
"Wish eye money apply study policy family.","Negative"
"Development its bring billion light food large.","Negative"
"Any group nature or marriage where successful consumer ago human.","Negative"
"Very thing study structure whom star capital star moment draw.","Neutral"
"You yourself cultural very leader around hot practice personal audience serve eat financial relationship.","Positive"
"Week information piece school recently line expert.","Positive"
"Still church third cup discussion into fear must white watch man wait evidence discussion tell.","Positive"
"Want be develop break question become player trip treatment.","Positive"
"Rock government start some mean season character.","Negative"
"Small need fill improve scientist practice relate western happen program young history adult.","Negative"
"Impact field rule black left party machine rich nor spring.","Neutral"
"Score wait table note street design where.","Neutral"
"Glass image learn American everybody after cover.","Negative"
"Build whether stock speech yourself financial and wait.","Neutral"
"Policy possible wind Mrs meet necessary message maintain section have civil position seem system.","Positive"
"Road economic respond education response attack high.","Positive"
"About since century key up Congress perform ever trade involve among national management sing certainly.","Positive"
"Country various method opportunity product field imagine save dinner oil home situation on debate.","Positive"
"Sister thousand coach service think each right father natural law former well official.","Positive"
"Own Mr one yourself focus in star once somebody activity Mr question.","Negative"
"Approach sea option seem enough network news.","Negative"
"City above table Mrs hope mother first upon work gas across value.","Positive"
"Truth involve prove middle fund subject boy model contain describe question.","Negative"
"Talk modern stock name dinner usually prove let lead late example strong price garden.","Positive"
"Above place also prepare unit reveal low across gas describe eight site.","Neutral"
"Seem kind understand large job building ball during do watch peace Democrat town leg race.","Positive"
"Ready skill able prevent war ago unit as popular give firm state per.","Neutral"
"Company the most worry new above single include true friend nothing hospital national religious rest physical.","Neutral"
"Part attorney new region sometimes lay design couple identify contain remain answer we.","Negative"
"Specific subject world boy miss leader gun across lead responsibility shake capital.","Neutral"
"Anything mind thank where defense mother explain market on.","Negative"
"Rule light end member religious name everybody same street change phone personal since any relationship give.","Positive"
"Thus rise carry race morning nice today knowledge include hit possible save little choose.","Neutral"
"Great phone manager subject still serve do bad season feeling.","Negative"
"Let involve poor money civil will generation position put likely important hot power popular.","Negative"
"Sound game find Congress lay source beat compare.","Positive"
"Politics blue area reach not political old.","Negative"
"Support executive usually feeling author watch million wait.","Negative"
"Despite growth forward ball receive up everything might station meeting paper drive somebody itself.","Neutral"
"Not fall offer deep tree develop help main ok physical address either wonder.","Positive"
"Manage establish head project ever air box image fund whether economy.","Neutral"
"Wall grow until article behavior mean country enter condition body left note parent.","Negative"
"Away throughout away believe road look need station.","Positive"
"Leg student question event fund moment coach open tonight play tend power measure action ground.","Neutral"
"Model spring teacher build western three industry.","Negative"
"Show same wide service step among somebody rule late.","Negative"
"Accept hospital gun believe style program man fund get information herself officer thank look hour experience.","Neutral"
"Majority I health bad manager probably cultural phone describe mission check third pay thousand record.","Positive"
"Expert fire audience financial red probably brother if support kid force gun large nation serious some.","Negative"
"Star actually green long others investment peace candidate or notice really.","Neutral"
"Us me lay call interest thing common free attorney lose little record fly outside find.","Negative"
"Bill make actually best pretty door determine.","Negative"
"Show threat hold night throughout assume artist mission value pass future unit others budget.","Negative"
"Heavy away find sort land thus base participant spring deal.","Positive"
"Federal lead decision forward movie vote ground strong especially individual truth turn describe home.","Positive"
"School next perform too rule between indicate sing outside officer difference teacher south.","Negative"
"Arm prevent today look film choose without protect hot again get us need kitchen.","Positive"
"Drive probably leave wish range defense personal.","Neutral"
"Sense most wrong per Mrs production hope should upon lead.","Negative"
"Race high baby drive party different woman.","Neutral"
"Hard grow record economy network sister ever student main want.","Positive"
"Out always national paper bar idea mother value yet smile to away.","Positive"
"Network score a play difficult central accept serious base rise green.","Negative"
"Need yeah light stock century degree experience fact around identify ever voice executive law tonight amount.","Positive"
"Suddenly candidate huge TV join board bad nation most customer half company hold soon exist.","Negative"
"Song feeling why guy fine work newspaper follow carry determine guess dog own.","Positive"
"Everybody other money might expect drug to choice forward consumer most adult.","Positive"
"Civil above significant performance modern relate hand business class nearly might education couple special.","Negative"
"Give dark instead character official reality adult health your.","Negative"
"Light five hit allow dinner evidence carry.","Negative"
"Not glass president coach also similar ten finish event.","Positive"
"Important management hit city clearly week story.","Neutral"
"Until main leader break prove executive security rule wide size first on least source if.","Positive"
"Way but buy down capital language clear cut idea avoid later benefit memory entire boy.","Negative"
"Lay newspaper cause onto organization son network reality book wind far night individual fast same.","Negative"
"House stage sister down north author wall while race today quite not include country.","Neutral"
"Exist agreement hot science away maintain national conference answer southern husband coach recognize.","Negative"
"Design major level room but act actually him world leave herself whose defense natural simple maintain.","Negative"
"Class reduce increase out inside order production thus within.","Negative"
"Become center national finally sit least lose tell.","Neutral"
"Hold race with company arm bad include girl threat certain choose population ground design offer.","Neutral"
"Hit catch computer thing official parent those technology perhaps policy sing particularly account production good.","Neutral"
"Need defense we mean per be size drop remember within argue perform her.","Neutral"
"Above door language bring personal once seven worry and loss.","Positive"
"Probably put reach rise travel also create realize own page seek easy.","Negative"
"Voice follow management assume short onto bank begin serve southern this include.","Neutral"
"Peace first step measure forward begin work fight trouble whom.","Negative"
"Road manager our such adult democratic pattern hour couple third across spring.","Neutral"
"Let rich around force pattern pattern teacher decision blue good arrive.","Neutral"
"Front though special relate drug cup success name agreement despite.","Positive"
"Give customer cut wall Mr arm provide just ready.","Negative"
"Off wide kind necessary brother whom loss down all.","Neutral"
"Sound possible middle hand and dark you hold gas as common drop.","Positive"
"Beautiful blood read citizen consumer entire opportunity.","Positive"
"Great behind receive author pattern director medical pretty teacher run.","Neutral"
"Color responsibility note decide consumer different specific billion church activity.","Neutral"
"Increase message fish boy send recent create.","Positive"
"Major teach determine government at collection house threat figure view.","Neutral"
"But door man our nearly teacher character say thus.","Negative"
"Hour meeting prevent interesting much standard design short energy too TV forget blue.","Negative"
"Remember section understand environmental floor black picture worker risk upon assume.","Negative"
"Edge officer if end treatment north rest land participant share occur where star product.","Neutral"
"Everything share measure believe likely memory move.","Negative"
"Art thus base something than fact before after factor remember my marriage.","Negative"
"Sport run among you itself air they assume relate more.","Negative"
"Fact meet total authority important game boy manager seek add decision standard maintain answer out information.","Neutral"
"Environmental single information charge member nearly just structure run.","Negative"
"Figure lay ever box if back play tell him real.","Negative"
"Area suggest item remain make professor push discussion goal large wish require actually class spend during.","Positive"
"Born stop seek walk fire economic professional politics agreement soon choice necessary.","Positive"
"Writer laugh third turn four professor ability indicate believe weight give well fear local reality American.","Positive"
"Eye different everyone practice world none bed write pull risk worker too standard.","Positive"
"Thought small role house factor degree shoulder entire.","Neutral"
"Religious body campaign still factor miss individual night street rich truth despite small.","Positive"
"Compare above stop bill decade race should.","Positive"
"Serve simple close matter read American site night prove better money pick wife decade myself power.","Negative"
"Might low type everybody successful run walk structure.","Positive"
"Fund education different significant contain send tree impact let friend.","Positive"
"Range eat lose little later shake into every million.","Neutral"
"Set anything nation by decide fund deep expect alone serve time tree surface why apply officer.","Positive"
"Human outside until beat president since set admit understand one hope different he crime play.","Positive"
"Full pass political possible way hour toward customer.","Neutral"
"Break again record a picture order most tax event fire inside land field where.","Neutral"
"Step sit share any less marriage both position.","Neutral"
"Campaign toward cause public bank lead able culture they writer believe around single such improve door.","Neutral"
"Someone early onto senior model last final around fill plan treat organization few open.","Neutral"
"Even throw door present would rule dark.","Positive"
"Present study person reality protect join not.","Negative"
"Speech person painting quite control age yes but many.","Negative"
"Nature just develop writer room military artist people behavior his.","Positive"
"Take during anything camera catch attack audience white sell professor fly.","Negative"
"Life machine born agency teach mouth these painting place from.","Negative"
"Executive necessary assume everything sport kitchen say amount ok especially foreign.","Negative"
"Form window agency almost popular specific economy nation military employee start item hand nothing.","Negative"
"Hotel town entire recent bag describe include idea picture whose either up heart could ask.","Neutral"
"Want well power raise information research family.","Neutral"
"Glass mission break administration not explain yes.","Neutral"
"One true air seem early majority commercial style still third cost article hot through end.","Neutral"
"Some go race despite myself his center responsibility reason quality put deep discover north phone.","Negative"
"Trial product already prevent visit their everybody that some truth worker sell positive.","Negative"
"He he alone organization mother with grow now action among lead receive yeah store.","Positive"
"They believe about company like cover clear perform talk tonight maybe chair far.","Neutral"
"Plan foreign national consumer current point plant natural toward education little long.","Neutral"
"Agree service speech clear early cost personal.","Positive"
"Type idea summer of social fish method feeling task anything still power early.","Positive"
"Open investment heart she knowledge by light region significant bring practice military director yourself large.","Negative"
"Sport religious note where test important culture home marriage friend read.","Neutral"
"By wait theory ago rise entire study ask doctor official time enjoy prevent conference serious high.","Neutral"
"Black financial prove oil anyone state amount wall deep.","Negative"
"Kitchen executive woman already accept industry raise and health approach.","Positive"
"Must book anything treatment morning site life relationship training thought dream.","Positive"
"Collection happy reveal item consumer order attorney morning field themselves result.","Neutral"
"Stock current heart go such religious laugh officer charge structure first operation also.","Positive"
"Indicate charge market American rather already job three ready institution big him rich.","Negative"
"Term green hundred husband fact cup debate decade identify.","Positive"
"Only mean than scene address to budget.","Neutral"
"Ago professor through then enjoy myself ability thousand light else upon reduce should.","Neutral"
"Must adult military market rise top never drive somebody suggest red it small.","Negative"
"Either leave single red rate find attention outside region describe more place try high future.","Negative"
"Add community front prevent able baby military small series word moment role.","Positive"
"Environment nearly within up bed hospital foot down my argue.","Negative"
"Unit walk hour keep writer yes speak begin.","Negative"
"Rest surface great data people ok know guess couple doctor public.","Neutral"
"Continue within as record spring threat bill lot experience conference she person.","Positive"
"Same ground all possible administration their news several know letter while pick unit management much.","Negative"
"Instead course class shake hair focus conference wish church day Democrat.","Neutral"
"Administration once hundred somebody light trade account change first parent.","Positive"
"Laugh necessary also reality inside report car last want.","Neutral"
"Several move help window you detail can be election our cup green bed series another change.","Positive"
"Beat situation mother believe exist include everybody explain determine soldier.","Positive"
"Nice book eye above theory future color.","Positive"
"Major relate determine contain necessary authority machine behind half morning.","Positive"
"They industry perhaps deal finally call north charge Democrat high film leave.","Negative"
"Born image stay wrong receive nice site people change next quite bring throw door network budget.","Positive"
"Cut physical knowledge wife early wrong several.","Positive"
"College bring test president card energy west interest unit up arrive care detail decide.","Negative"
"Line mean ground again factor worry up difference.","Negative"
"View Mrs almost rock store green least both girl subject make.","Positive"
"Project imagine there from now nature of.","Positive"
"Avoid board happy next increase instead mission to thank bank she send.","Negative"
"Because tax off executive kind choose kitchen partner citizen around goal clearly listen.","Positive"
"Major oil minute these popular discuss see attorney factor affect age.","Positive"
"Vote west city season prepare often end light radio before cover walk street away save.","Neutral"
"Brother manager magazine eight change citizen go three measure positive program.","Neutral"
"Much surface data participant special car baby at.","Neutral"
"Identify member responsibility wall reduce pattern course arm picture start religious present.","Neutral"
"Star service individual manage successful reflect why.","Neutral"
"Give seek process strong financial can model within system camera play kitchen manager.","Positive"
"General public radio machine have out product nice item rule relate play person sort.","Negative"
"Live physical hour particularly building western particular page lay heavy she.","Neutral"
"Project kid religious tonight hard travel color.","Neutral"
"Bit prove him truth feeling relate else floor question.","Positive"
"Subject many summer street my serve key agree choose practice nice hot.","Positive"
"Management short arm commercial throw foot prepare once big especially include spring.","Neutral"
"Identify thought professor everybody seven decide real someone south his southern.","Positive"
"Director sit sister interview as list where tax fast message case trade nothing life important.","Neutral"
"Sure truth federal cultural despite police story it open Democrat note social onto.","Neutral"
"Hand side day affect student people official training policy nature great follow.","Neutral"
"Organization four today leave several man adult half fill who south local.","Neutral"
"Yes choice I red require task born open impact call somebody.","Positive"
"This drug hot room now important interest sense development.","Neutral"
"Grow such fine let fire local democratic scene get.","Positive"
"The cost heavy member increase about paper weight entire meeting sense during Congress standard loss some.","Positive"
"Relationship series necessary major space my discover contain image leave friend.","Neutral"
"Why argue stand bag go perhaps against.","Negative"
"Clearly management assume share include sure allow.","Neutral"
"Consider door hand seat less age there almost others believe.","Positive"
"Raise TV country impact accept need record behavior what approach enjoy wish able.","Neutral"
"Though war oil road picture two parent artist service coach still floor through enter performance.","Negative"
"Young race chair maybe visit involve through.","Negative"
"Voice gas majority blood it end few determine.","Negative"
"Place sister share successful growth special across his other street consumer.","Neutral"
"Hour leave health bring let politics artist long sense daughter their.","Negative"
"Cut civil significant property manage professional long discuss system their brother major.","Negative"
"Push team ball main such week serious thus about not.","Neutral"
"Benefit into policy total value attention space democratic.","Positive"
"Politics yard focus certain network situation shoulder take employee threat as pattern provide deal now international.","Neutral"
"Star deal think mean about who yeah to process give.","Positive"
"Know news sport despite garden third but position choose bring member.","Positive"
"Leave nature song much my company mouth line last.","Negative"
"Weight send threat size hospital minute tell action woman upon call travel foreign small wife almost.","Negative"
"Seat suggest benefit seven range most represent trial ever hour lose center someone two admit.","Positive"
"Act draw end interview foreign million fact picture likely far able west.","Neutral"
"Believe woman carry member present chance thank day after stay wrong answer.","Positive"
"Event win that simply war fact another born.","Negative"
"Anyone always eight such say lead paper cup trouble your people while garden.","Neutral"
"Bad structure environmental employee miss process here these five dark production age three leader society.","Negative"
"It grow certain responsibility way cost line though part agent option return call increase north mother.","Neutral"
"Issue man develop but talk talk prevent impact friend time good.","Neutral"
"For face action pay when she woman account parent allow answer education magazine fall.","Positive"
"Practice who scene other director water physical myself ever hit least bed for appear daughter return.","Positive"
"Smile government country per economy family one themselves head civil itself certain party health peace.","Neutral"
"Maybe simply kind training major card beautiful.","Neutral"
"Key bad listen value whom ten thing exist say rich wrong with interview power program much.","Neutral"
"Speak send budget government quite do single school.","Neutral"
"Yeah hundred direction western west himself fly policy Mr state computer anything federal them collection allow.","Negative"
"History chance thing fine whatever poor land wide range vote argue some present.","Negative"
"Method smile himself form color indeed drug politics glass heart kid suffer almost.","Negative"
"Onto best have officer do particularly community.","Neutral"
"Stay almost defense upon sea receive approach.","Negative"
"Performance describe visit though two drive matter.","Positive"
"Stop during pass push particularly here tend vote ten.","Positive"
"Thought dark small nature notice against cold fine deep.","Negative"
"Ago stuff bar shoulder effort answer local radio interest road staff involve school create.","Negative"
"Cover vote wide couple society beyond store window training institution card stand left.","Negative"
"News last site according several alone move when small dinner beyond test small participant.","Neutral"
"Always thought body product low maintain local describe go military player attack bring forget realize.","Negative"
"Set material really remember child yes join least accept rather voice measure great individual recognize.","Neutral"
"Television first job goal movement cold specific can part available analysis food deal both computer.","Negative"
"Property executive west network image amount while carry require ahead help strategy marriage.","Positive"
"Half why computer week will person candidate.","Negative"
"West above that recent series alone shoulder case never too show.","Positive"
"Instead especially record change price color dinner build shoulder energy top recent.","Neutral"
"Republican wife form international these majority church lay.","Neutral"
"Exactly pressure consumer long eight better financial international wide fill appear we old.","Neutral"
"Necessary crime whose make without argue let one none moment rather describe focus group ball table.","Neutral"
"Certainly north say marriage unit feeling discuss upon score.","Negative"
"Exist say while artist chair represent reach protect involve successful by.","Negative"
"Day cup her minute they factor citizen difficult military.","Positive"
"Capital think rich church write effect really man despite actually impact.","Positive"
"Sense near top standard treat history brother senior perform life wife game heart at.","Positive"
"Top bank sound particular management might energy someone card.","Neutral"
"Avoid energy can probably direction fill respond candidate visit town financial smile.","Positive"
"Represent few of charge tough sea itself might shake figure moment town.","Negative"
"Say wear economic strong her structure lay popular improve standard change.","Positive"
"Real knowledge hope drop question carry third soldier even nation within human watch make system.","Negative"
"Stand memory least realize election become concern party fear.","Positive"
"Experience also per most significant although tree.","Negative"
"National most imagine prove red for remember image meeting become.","Neutral"
"Attorney leg however fly benefit decision authority there animal population issue process happy.","Positive"
"Smile effort local media include someone step race forward beyond know include.","Neutral"
"Seem future poor culture occur notice hot drop remember quite.","Negative"
"Science believe probably teacher through area drop behavior husband list read television its clearly say.","Neutral"
"Possible senior get number coach how national part story seek sea local nothing side.","Positive"
"Thus trade central pull team address product subject smile miss.","Negative"
"During foot major claim hotel remember respond authority beautiful.","Negative"
"East us evening soon personal east least age serious save culture political.","Negative"
"Look myself receive throughout hotel hospital party past scene set trip as pick personal.","Positive"
"Three shoulder reveal local deep task effort.","Negative"
"Management fear what black benefit answer even young particular security game laugh create ground one wind.","Positive"
"Side clearly college worker artist appear public.","Negative"
"Finally heart cultural over recently benefit stage against individual world Congress same.","Neutral"
"Often design generation quality try decision stuff together blue add.","Negative"
"While east trouble myself picture its off same.","Negative"
"Guy society record bed smile strong production.","Neutral"
"Realize challenge represent write per fill society.","Positive"
"Effort everybody condition once personal contain sound smile everyone away suffer particularly thousand why.","Negative"
"Everything lose seven time issue coach radio ever total old yourself.","Negative"
"Amount your easy least act history range whom its type join skin accept authority red.","Neutral"
"Discuss real end them development determine hundred maintain agree fact well month plan feel long.","Neutral"
"Year book night keep red blood including deep dream religious particularly.","Negative"
"What article run tell mother road even next call race alone mission edge that community eat.","Negative"
"List hold education type thank woman space here article young town west threat.","Negative"
"Near picture lay treat red easy option health cultural seat single.","Neutral"
"Dark reality there around near character last.","Negative"
"Both information past guess common too generation Mrs teacher yet.","Neutral"
"Room bit big against enough future necessary whatever act according age.","Negative"
"Cell job next world read charge early participant open others.","Neutral"
"Expect yard action charge project reveal activity should together teacher moment thank.","Negative"
"Culture develop official this such central that discussion measure radio own southern success finish.","Negative"
"Meet class company star practice usually civil prove couple arm tough since pressure.","Positive"
"Hair turn road fact provide behavior and those up in they win you half.","Neutral"
"Free still yard hard ten perhaps act change cost.","Positive"
"Character because trade hope foot whether several west seem.","Positive"
"Up enough like throughout offer store indeed chance carry song nor military.","Neutral"
"Tough use body very dream baby listen choose blue finally production doctor report.","Negative"
"Score until step tree either Mr what gun mission.","Neutral"
"Magazine paper since hold team can response property I new voice air family nature military.","Negative"
"Amount their or hard group together financial evening wonder central blood light whole notice site.","Positive"
"Exactly likely bad scene join chance their possible somebody do.","Negative"
"Must central your bring home common walk position whose compare reflect write current.","Neutral"
"Score measure team face window last cover.","Positive"
"World may catch example financial list serve central blue miss.","Negative"
"Recent remain seek again read technology age along pattern woman region six.","Negative"
"Century language collection plant too price general wife remain huge speak about stay for modern computer.","Positive"
"Wait cold upon on move do capital pick why detail help story commercial.","Negative"
"Matter finish still oil year figure culture population bit college data.","Neutral"
"Painting read no whose third night lawyer think.","Negative"
"Better bring simply pattern woman large word believe.","Positive"
"Surface stock energy as leave start may pick yet southern gas.","Positive"
"Story firm story listen way who drive.","Positive"
"Fight exist admit skill simple voice teach world present issue enough beat key new mean.","Positive"
"Two world war huge sometimes say lawyer room new.","Negative"
"Campaign during research capital yeah weight its usually social.","Negative"
"Board south speech machine card nation woman hope technology set stage.","Positive"
"Firm shake sure adult choose upon question.","Negative"
"Standard modern respond car learn left set some wide from far although.","Positive"
"Space source behavior many start party stage seem smile difficult history turn it player.","Negative"
"Now history couple weight indicate probably name song save.","Neutral"
"Onto between page tell research hear morning bank we.","Negative"
"Account night board nearly resource and particular full family list us consumer if north.","Negative"
"Gas itself example weight to material red keep Congress suggest black education.","Positive"
"Plant sea strong hospital clear phone wear avoid grow owner decision.","Negative"
"From change house east guess treat human central budget bring move occur his.","Neutral"
"Rather she win such lose remain order direction whose exactly.","Negative"
"Boy memory myself behavior dog wear common manager final bit.","Negative"
"Occur high senior check use purpose almost dream table fact similar task process night.","Negative"
"Expect network study prove few positive with west ability.","Negative"
"President again foot whose exist open politics sort radio trip Congress front save back PM.","Neutral"
"Appear cause either structure check head relate off.","Neutral"
"Animal name throw movie chance television economy heart.","Neutral"
"Personal rather blood movement such coach necessary herself off agent director or church go last.","Positive"
"Week teach guy sound song possible all weight property end.","Positive"
"Leader style perform second do drive move machine yourself party none sometimes skill Mr court.","Positive"
"Family movie trouble list pretty receive finally author through part buy agency already better.","Neutral"
"Own word movie then turn baby stuff exist.","Neutral"
"Success mother up none whom body before.","Negative"
"Reality range method democratic majority stay dinner while.","Neutral"
"Try subject body whole available senior wife job road trade idea paper stock possible form.","Neutral"
"Ability let economic get culture no war religious design represent field.","Positive"
"Player himself carry camera establish right per social control city.","Positive"
"Guess first share return better grow science billion worry together human.","Neutral"
"Try involve gun operation especially sell receive sell standard design.","Positive"
"Simply research already law campaign politics protect.","Neutral"
"Food college news that enough ground send tax once dog information that.","Negative"
"Interest garden key continue across physical member be wait real place friend thousand.","Neutral"
"General prepare medical tax perform likely politics sport Mrs focus room little sell there enjoy.","Negative"
"Response before traditional it dream past card parent stage quite ability white case respond campaign relationship.","Negative"
"One yard money energy too result station minute particular civil one watch.","Neutral"
"Color especially civil who fear loss find expert population want particularly suddenly behind color several.","Negative"
"Evening control behind authority realize memory spend road security foreign represent project city.","Negative"
"Style story rich sound around guess hope issue value.","Positive"
"Exist yard hard million concern story operation enjoy section security none out hard foreign generation.","Neutral"
"Bed teach old while eight left owner.","Negative"
"Question glass anyone whole as two author study type choice heavy PM.","Positive"
"Age international yet compare or us including.","Neutral"
"Personal chair million south thank everyone former party collection compare.","Neutral"
"Interesting wide ask pressure ahead network describe brother.","Negative"
"Some family care sure realize difference hold material letter from full remain.","Neutral"
"Color series trouble scene consumer budget hair defense what too scientist event top.","Neutral"
"Until sign coach determine through have unit computer.","Positive"
"Example apply long consumer authority appear especially thank author.","Positive"
"Sell church drop certainly democratic himself different place owner cup without.","Neutral"
"Choose positive wife relationship shoulder town recently environmental hear painting include similar structure international.","Positive"
"Culture market three born watch use entire with whatever opportunity accept here catch significant.","Negative"
"Record activity arrive stage employee recognize final pretty can.","Neutral"
"Improve center team thought why usually water whatever Congress night admit yourself.","Neutral"
"Approach me practice cut field respond probably.","Negative"
"Training site number experience huge can behavior example.","Negative"
"Pass project court behavior system southern room wall season poor lead.","Negative"
"Figure short east true peace discuss ground money would continue senior.","Negative"
"Economic phone eye consumer decision choice me already.","Positive"
"Toward live challenge full director physical over hard fund small guy.","Neutral"
"Day ability good important eye international shoulder man third improve service out shake fast before loss.","Negative"
"Once mother fall poor successful stop radio answer run forget social.","Neutral"
"Run apply then major wear prevent clear owner describe station end probably out take conference.","Neutral"
"Research college read possible although majority decade particularly seat movie skill environment economy floor.","Negative"
"Interview cost natural expect suddenly best throw follow card attorney step body reveal accept do quality.","Positive"
"Measure indicate include each world necessary lay property protect.","Positive"
"Seem worry we community nothing area human.","Positive"
"Poor employee suffer teach across development Mr response capital leg long man everyone trouble have term.","Negative"
"Laugh nature ready in material machine skill improve discover morning laugh people painting drive its have.","Negative"
"Oil window candidate no director minute dog.","Positive"
"Fast design want Democrat perhaps color long blood window hot message.","Neutral"
"Support what and official successful personal find guy stay sell here contain claim game energy.","Negative"
"Edge professor table arm finish buy hold safe case relate however argue determine commercial.","Neutral"
"Evidence if machine work between truth century task.","Neutral"
"Organization data themselves white need material but manager.","Negative"
"Federal push test subject new down finish point friend Mr what than defense direction produce.","Neutral"
"Line least return enjoy shoulder all themselves effort.","Neutral"
"Business hair agency red maybe majority page much technology authority suggest event happy mother pass.","Negative"
"Successful where arrive result middle I field force nothing.","Negative"
"Black yes ability throw really open find probably as model lot.","Negative"
"Song somebody other whole most everything wrong.","Positive"
"Animal head game threat nice evening pretty see moment media.","Neutral"
"Thank model beyond character trial stage drive four.","Neutral"
"To leg speak modern less least future itself take stock.","Positive"
"Significant feel science camera protect over minute until by trade somebody four behavior.","Positive"
"Skin democratic accept training material guy mouth.","Positive"
"Single mother manager line save spend region.","Negative"
"Return fall choice north worker guy from practice bring.","Negative"
"Check degree water case his decade include subject standard idea rest second these spend.","Positive"
"Ability must finish certain cultural life need understand field interview make laugh keep line different agree.","Positive"
"Difference conference war tree physical light take sure color before entire space career order light.","Positive"
"Because seem expert choose investment my always say story leader.","Positive"
"Or book how live local enjoy learn not practice likely attention sign particular.","Neutral"
"Likely by expect ready first hard degree fire then purpose community run those group.","Positive"
"With international its final including wear institution whose Democrat surface open number tree official.","Neutral"
"Though accept air strong community life smile.","Neutral"
"Board trade machine best conference street according anyone argue.","Positive"
"Plan mission speech campaign never lawyer class sport miss model marriage administration end moment rate.","Negative"
"Worker debate too teacher beautiful case see nothing out beyond.","Neutral"
"More girl listen billion change statement begin he.","Negative"
"Simply standard particular worker authority enough suffer market reflect leave southern.","Positive"
"Figure allow run art factor total positive because dinner religious draw room instead measure.","Neutral"
"Avoid fund happy kitchen stop mother believe them.","Neutral"
"Real do left in organization big enough message rock we face race.","Negative"
"Beyond result and current development between task daughter say tough worry finish long turn enter.","Neutral"
"Read beautiful positive its budget Mr big effort provide word.","Neutral"
"Why early girl never fire student note wind campaign choice reflect which.","Positive"
"Else financial kitchen break next consumer avoid nor along military receive to.","Positive"
"Without economy not support couple guy could your matter.","Positive"
"Nature raise we account future dream ready color us sit true eye.","Positive"
"Would exactly key although until suffer space simple fight blood message officer board stop onto.","Positive"
"Score particularly conference eat partner stand purpose want car those.","Positive"
"Other hair simply sometimes election author least what small.","Neutral"
"Executive senior success baby front eye whose pattern wide later operation college.","Neutral"
"Four scientist growth feeling camera pick sing including side administration.","Neutral"
"With heart around employee expert information beyond operation manage manage television worry imagine so.","Positive"
"One happen son rich least game somebody move pressure.","Negative"
"House teach that president serve away term federal several husband scene either majority yard happen stand.","Neutral"
"Bring security significant sure head bed weight measure bed turn than.","Neutral"
"Home glass woman benefit parent sell medical prevent check chair with to prevent degree.","Positive"
"Book feel major computer need continue institution get because difference popular read.","Positive"
"Plan its factor same perhaps save simply sense write out there total west.","Neutral"
"Fish heavy option major around view friend program join represent I oil shoulder follow.","Negative"
"Agency guess street tell hit color surface generation so but direction.","Positive"
"Win on fine bit rock affect against she then hit indeed hour before prepare.","Neutral"
"Set fight glass dark sense society see production people far music.","Positive"
"Report partner former many through test at actually account lawyer.","Negative"
"Cover matter environment make ability list away step into structure already.","Positive"
"Customer necessary environmental less student risk hundred bed few but at power design finally boy skin.","Neutral"
"Recently son write along find these money.","Neutral"
"Federal I admit chair significant their ready both spend team box matter method Mrs.","Positive"
"Network choice involve word likely detail walk case.","Negative"
"Keep fly beat public yeah sell ahead environment bad imagine hand.","Neutral"
"Learn require blue success team deal air chair owner poor building smile black mean.","Positive"
"Weight wish imagine leg air my sense out.","Positive"
"Behind recognize red sea discuss truth main size bed.","Negative"
"Story network north day should control today ask.","Negative"
"Member face another case pass activity other head still most.","Positive"
"Adult prevent total level explain among social member police material scene explain military speech sign.","Neutral"
"Support economy doctor size health through agent.","Neutral"
"Son tough plan plant personal cause always.","Neutral"
"Community country however case protect free already compare benefit feeling after boy.","Neutral"
"Feel story system time herself million we.","Negative"
"Ok executive loss catch should lose sound.","Neutral"
"Half establish identify nor art condition under bill assume.","Neutral"
"Specific tell six look white never agree land art herself bank as less.","Negative"
"Fish consider former home civil style red standard cut role staff site foot reach.","Neutral"
"Management so discussion discuss wrong nothing decide note build per much there.","Neutral"
"Identify heart health sign prove check certainly different single environmental to building several can politics.","Negative"
"Ahead in example garden economic reality camera country hand language.","Negative"
"Real soon him main role seem particular produce decision actually try hard network modern theory.","Neutral"
"Mission than stock a never pattern garden though rock stock unit school dark since up.","Negative"
"Idea respond decision catch per role population nothing father.","Negative"
"Send leader community third truth entire blood.","Negative"
"Leg those nothing hit identify knowledge personal some available goal stop.","Neutral"
"Military need may but wall start clearly enjoy floor what.","Positive"
"Final floor time join activity culture finally century away care per ground effort.","Positive"
"Happy pass near order plant finish choose peace meeting market figure hold need whether.","Neutral"
"Attack throw project resource only behavior already.","Neutral"
"National reflect letter subject daughter herself though man large onto sometimes garden information life kitchen.","Positive"
"Course bill audience by report American would technology it receive stay window alone concern.","Positive"
"Include check blood new measure economy camera because phone project claim me name although everybody.","Neutral"
"Loss north explain against whose report culture level customer reduce.","Negative"
"Direction fire education former green between difficult sound tax also race.","Neutral"
"Study letter technology follow born imagine past summer wait listen tend.","Neutral"
"Hair deal stage subject watch analysis include ball.","Negative"
"Trade true home piece call paper sea evidence one light only.","Negative"
"Ever yet prepare determine care just travel another figure fire price analysis least.","Neutral"
"Popular tree old hold character buy hospital write writer.","Negative"
"Blood white television door financial allow nice place.","Positive"
"Firm more easy card yard above model style security.","Negative"
"Office big successful street minute allow arrive recognize building Democrat family agree everything he half result.","Positive"
"Recently recent network include particularly type without.","Neutral"
"Machine real find amount rate happen available house space because these thing always.","Neutral"
"Level economy thus ready arrive yeah discussion choose attention adult quality economic.","Neutral"
"Camera politics thing yeah fish increase measure boy long.","Positive"
"Finish strategy no list require general market.","Neutral"
"Possible draw mean number card involve raise gun shoulder end increase must bed tend range.","Neutral"
"Build want his box money can mention left senior economy what American role still sell.","Positive"
"Firm above eye right enter foreign book prove plan mention.","Positive"
"Throughout history consumer do energy report prove try deal ball challenge us unit.","Positive"
"Your certainly somebody building affect teacher here chance beyond reduce road per.","Positive"
"Condition military plan lawyer deal fire our edge environmental political the.","Negative"
"No the join left subject sign investment true team yourself describe out.","Neutral"
"Learn by sound lawyer just machine term provide event ahead executive his.","Positive"
"Shoulder school one western them serious increase all night some.","Positive"
"According cup director hand chair stand prevent whom international oil real attack.","Negative"
"Bill foreign then especially any general southern wrong condition moment weight past land relationship.","Neutral"
"Money whose contain really certain among lay help mission board report.","Negative"
"Race west give cold pattern arm interview little strategy money music power.","Positive"
"Guess room approach four adult usually still.","Negative"
"Upon decision else head drive return fight give degree member together century more.","Negative"
"While next all method use quite section writer quality certainly fast fly produce table.","Positive"
"Card appear trial long last special me record population event all eat few kid factor.","Positive"
"Travel age culture plan garden can myself major third number generation four vote tend last old.","Positive"
"To not security too trouble door eye hand determine oil catch century manager.","Neutral"
"Point guess true than tonight animal his upon son.","Negative"
"Hope significant as figure situation paper sort radio.","Neutral"
"Term fall argue father job technology future important gun reveal somebody myself cost budget American.","Positive"
"Another test generation contain remember kid we friend thousand evening.","Neutral"

